rank,intersection_name,longitude,latitude,risk_score,percentile,in_top200
1,Linda Vista Court & Linda Vista Road,-117.163933,32.79383500000001,0.064289,100.0,True
2,Genesee Avenue & Health Center Drive,-117.15637220000002,32.7926418,0.062142,100.0,True
3,Camino del Este & Camino del Rio North,-117.14355993333135,32.769037066670315,0.061505,100.0,True
4,6th Avenue & Robinson Avenue,-117.15952994999974,32.74695925000723,0.061329,100.0,True
5,Meadowbrook Drive & South Meadowbrook Drive,-117.030775,32.702516700000004,0.060506,100.0,True
6,National Avenue,-117.15171929999998,32.70528870000001,0.060385,100.0,True
7,Mission Boulevard & West Mission Bay Drive,-117.2512464999963,32.77202180000023,0.059996,100.0,True
8,Pacific Highway & West Hawthorn Street,-117.1719414,32.72559840000002,0.059518,100.0,True
9,8th Avenue & East Market Street,-117.15738700000001,32.711507200000014,0.059517,100.0,True
10,Fairmount Avenue & Mission Gorge Road,-117.10134990000002,32.7812636,0.059408,100.0,True
11,Clairemont Mesa Boulevard & Moraga Avenue,-117.21320060000001,32.828705400000004,0.059382,100.0,True
12,33rd Street & East Market Street,-117.12314040000001,32.71178129999999,0.059032,100.0,True
13,Main Street & Oleander Avenue,-117.03277339999998,32.594941,0.058786,100.0,True
14,Broadway,-117.1259505,32.714521500000004,0.058673,100.0,True
15,La Jolla Parkway & Torrey Pines Road,-117.25272399999999,32.850494699999985,0.058673,100.0,True
16,Coronado Avenue & Saturn Boulevard,-117.0926945,32.57655,0.058496,100.0,True
17,La Jolla Shores Drive & La Jolla Shores Lane,-117.25120019999999,32.87101040000002,0.058412,100.0,True
18,El Cajon Boulevard & Fairmount Avenue,-117.1008364,32.7550509,0.05816,100.0,True
19,Genesee Avenue & Genesee Cove,-117.2050941,32.85657949999999,0.05816,100.0,True
20,Fairmount Avenue & Home Avenue,-117.09982280000001,32.7289095,0.058,100.0,True
21,Mira Mesa Boulevard & Scranton Road,-117.201614,32.89256880000001,0.057997,100.0,True
22,Newport Avenue & Sunset Cliffs Boulevard,-117.24761279999998,32.7447491,0.057685,100.0,True
23,Annrae Street & Mesa College Drive,-117.1533879,32.80198819999999,0.057652,100.0,True
24,32nd Street & F Street,-117.12531320000001,32.713807900000006,0.057553,100.0,True
25,Swift Avenue & University Avenue,-117.1193126,32.749767000000006,0.057367,100.0,True
26,26th Street & East Market Street,-117.1381654,32.71161700000001,0.057319,100.0,True
27,28th Street & K Street,-117.1338526,32.70847750000001,0.057267,100.0,True
28,Dove Street & West Washington Street,-117.1686618,32.7498037,0.057082,100.0,True
29,7th Avenue & B Street,-117.15836300000001,32.71781200000001,0.056978,100.0,True
30,Fairmount Avenue & Meade Avenue,-117.1018739,32.757092799999995,0.056875,100.0,True
31,Balboa Avenue & Garnet Avenue,-117.22696320000001,32.802738899999994,0.056853,100.0,True
32,1st Avenue & West A Street,-117.1638273,32.71882730000002,0.056807,100.0,True
33,Fordham Street & Midway Drive,-117.2134708,32.75112359999998,0.056766,100.0,True
34,Camino de la Plaza & Sipes Lane,-117.04589100000001,32.544746,0.05673,100.0,True
35,8th Avenue & University Avenue,-117.15741969999999,32.74837999999998,0.056708,100.0,True
36,16th Street & G Street,-117.14946600000002,32.71263170000001,0.056682,100.0,True
37,Oro Vista Road,-117.07883190000001,32.56509310000001,0.056672,100.0,True
38,Bay Boulevard & Marina Parkway,-117.09925100000001,32.63587200000001,0.056642,100.0,True
39,El Cajon Boulevard & Illinois Street,-117.12769980000002,32.75525650000001,0.056613,100.0,True
40,8th Avenue & F Street,-117.1574228,32.71362290000001,0.05643,100.0,True
41,Logan Avenue & South Euclid Avenue,-117.08511400000002,32.696751,0.056272,100.0,True
42,Voltaire Street & Worden Street,-117.2303252,32.7409487,0.05627,99.9,True
43,Grand Avenue & Jewell Street,-117.2384256,32.79835219999998,0.056269,99.9,True
44,15th Street & G Street,-117.1503759,32.712626499999985,0.056216,99.9,True
45,El Cajon Boulevard & Marlborough Avenue,-117.10614249999999,32.7550977,0.056202,99.9,True
46,Linda Vista Road & Tait Street,-117.172794,32.78077350000001,0.056136,99.9,True
47,14th Street & East Market Street,-117.15192,32.71153009999999,0.056114,99.9,True
48,Genesee Avenue & Nobel Drive,-117.2136901,32.86691620000002,0.056114,99.9,True
49,Linda Vista Road & Ulric Street,-117.170306,32.78649010000001,0.056079,99.9,True
50,Camino del Rio North & Fairmount Avenue,-117.10162329999999,32.78014480000002,0.056063,99.9,True
51,College Avenue & College Way,-117.06685100000001,32.7602113,0.056063,99.9,True
52,28th Street & C Street,-117.1338073,32.71689469999999,0.05584,99.9,True
53,Camino de la Reina & Hotel Circle North,-117.16662650000002,32.761730199999995,0.055836,99.9,True
54,Briarwood Road & Goode Street,-117.0334887,32.6841028,0.055836,99.9,True
55,Ocean View Boulevard & South 30th Street,-117.12951050000001,32.701178600000006,0.055825,99.9,True
56,Cardiff Street & San Vicente Street,-117.02440599999998,32.71233,0.055728,99.9,True
57,6th Avenue & E Street,-117.15926120000002,32.71466110000001,0.055631,99.9,True
58,Boston Avenue & South 28th Street,-117.1337633,32.693829499999985,0.055624,99.9,True
59,College Ave (Frontage) & College Grove Drive,-117.05357130001123,32.744439250004426,0.055624,99.9,True
60,Carmel Valley Road & Del Mar Heights Road,-117.1921231,32.9607254,0.055621,99.9,True
61,Ocean View Boulevard & South 28th Street,-117.13385420000002,32.701159300000015,0.055462,99.9,True
62,Miramar Road & Padgett Street,-117.1270075,32.8936777,0.055433,99.9,True
63,Carmel Valley Road & Pacific Highlands Ranch Parkway,-117.1907235,32.962980200000004,0.055312,99.9,True
64,8th Avenue & Broadway,-117.15743920000001,32.71571490000003,0.055271,99.9,True
65,Border Village Road & East San Ysidro Boulevard,-117.0389756,32.55123679999997,0.055171,99.9,True
66,Grand Avenue & Lamont Street,-117.23478730000001,32.799188099999995,0.055144,99.9,True
67,Union Square Lane,-117.07897229999999,32.7508927,0.055119,99.9,True
68,54th Street & Montezuma Road,-117.07948200000001,32.77117930000001,0.055119,99.9,True
69,Kearny Villa Road & Mesa College Drive,-117.1509159,32.80997699999999,0.055021,99.9,True
70,11th Avenue & F Street,-117.15467800000002,32.713650000000015,0.054845,99.9,True
71,University Avenue & Wilson Avenue,-117.11681400000002,32.74974800000001,0.054767,99.9,True
72,32nd Street & East Market Street,-117.1252792,32.71168730000001,0.054662,99.9,True
73,Lightwave Avenue & Ruffin Court,-117.12668390000002,32.82871140000001,0.054647,99.9,True
74,Euclid Avenue & Westover Place,-117.08490814999993,32.72479185000001,0.054629,99.9,True
75,43rd Street & El Cajon Boulevard,-117.10189200000002,32.7550658,0.054623,99.9,True
76,11th Avenue & C Street,-117.15469054999993,32.716807800000964,0.0546,99.9,True
77,Montezuma Plaza & Montezuma Road,-117.07051129999999,32.770769400000006,0.054543,99.9,True
78,4th Avenue & Cedar Street,-117.16113759999999,32.72196139999999,0.054153,99.9,True
79,Euclid Avenue & Wightman Street,-117.09232450000002,32.747369,0.054153,99.9,True
80,Dairy Mart Road & West San Ysidro Boulevard,-117.06239299999999,32.559586,0.054121,99.9,True
81,Camino del Norte & Paseo Lucido,-117.07216080000002,32.99098590000002,0.05412,99.9,True
82,Clay Avenue & South 30th Street,-117.12951319999999,32.7032736,0.054018,99.9,True
83,Tait Street & Ulric Street,-117.16944220000002,32.7810147,0.053712,99.9,True
84,10th Avenue & Broadway,-117.1556095,32.715724600000016,0.053596,99.9,True
85,East Market Street & Euclid Avenue,-117.0849926,32.710501,0.053445,99.9,True
86,10th Avenue & C Street,-117.15561830000001,32.716802900000005,0.053445,99.9,True
87,Paradise Valley Road & South Woodman Street,-117.04641519999998,32.688976499999995,0.053302,99.9,True
88,Narragansett Avenue & Sunset Cliffs Boulevard,-117.2490656,32.74305539999999,0.053284,99.9,True
89,7th Avenue & Broadway,-117.15835210000002,32.71571,0.053169,99.9,True
90,Poway Road & Springbrook Drive,-117.08403400000002,32.945594200000016,0.053077,99.9,True
91,Ocean View Hills Parkway & Otay Mesa Road,-117.01430690000001,32.5685215,0.052825,99.9,True
92,Camino de la Reina & Mission Center Road,-117.1537571,32.76812350000001,0.052727,99.9,True
93,Abbott Street & Newport Avenue,-117.25108399999999,32.746882400000004,0.05272,99.9,True
94,25th Street & Island Avenue,-117.14024839999999,32.710534200000005,0.052704,99.9,True
95,Camino Santa Fe & Frost-Mar Place,-117.1726505,32.877746900000005,0.052701,99.9,True
96,Canyon Crest Drive & College Avenue,-117.06775739999999,32.776800400000006,0.052561,99.9,True
97,Normal Street & Washington Street,-117.147636,32.752795400000004,0.052525,99.9,True
98,Friars Road & Ulric Street,-117.16302780000001,32.7708467,0.052512,99.9,True
99,Genesee Avenue & Mount Herbert Avenue,-117.19066650000002,32.826411599999986,0.052507,99.9,True
100,16th Street & Island Avenue,-117.1494665,32.71046579999999,0.052484,99.9,True
101,Brant Street,-117.16664099999998,32.72742720000001,0.052315,99.9,True
102,Pacific Highway & West Grape Street,-117.1715066,32.72462279999999,0.052247,99.9,True
103,Nobel Drive & Towne Centre Drive,-117.20846080000001,32.865393800000014,0.052113,99.9,True
104,Carroll Canyon Road & Maya Linda Road,-117.11798159999998,32.903437399999994,0.052065,99.9,True
105,Santa Cruz Avenue & Sunset Cliffs Boulevard,-117.25051850000001,32.74136930000001,0.051994,99.9,True
106,Smythe Avenue & West San Ysidro Boulevard,-117.04945470000001,32.55442149999999,0.051932,99.9,True
107,Bacon Street & Voltaire Street,-117.2466322,32.75204130000001,0.051917,99.9,True
108,Boundary Street & University Avenue,-117.1231418,32.74850120000001,0.051834,99.9,True
109,Soledad Mountain Road,-117.22681980000002,32.807916399999996,0.051771,99.9,True
110,Fashion Valley Road & Hotel Circle North,-117.1691805,32.7611238,0.051518,99.9,True
111,Bucky Lane & North Highland Avenue,-117.102432,32.688351,0.051497,99.9,True
112,Morley Field Drive & Park Boulevard,-117.1474509,32.74020349999999,0.051372,99.9,True
113,5th Avenue & A Street,-117.1601851,32.718847400000016,0.051362,99.9,True
114,Camino del Norte & Paseo Montanoso,-117.0868739,33.00013120000001,0.051337,99.9,True
115,Orchard Avenue & Sunset Cliffs Boulevard,-117.25269099999998,32.7388464,0.051196,99.9,True
116,North Harbor Drive & Rosecrans Street,-117.22783540000002,32.726154399999984,0.050727,99.9,True
117,54th Street & Laurel Street,-117.0797688,32.7306645,0.050456,99.9,True
118,Benjamin Holt Road & South Woodman Street,-117.04806710000001,32.690947599999994,0.050447,99.9,True
119,Coronado Avenue & Green Bay Street,-117.0884275,32.57649529999999,0.050439,99.9,True
120,Glidden Street & Linda Vista Road,-117.1737385,32.775168300000004,0.050197,99.9,True
121,Catalina Boulevard & Niagara Avenue,-117.2379746,32.73751669999999,0.050197,99.9,True
122,32nd Street & Adams Avenue,-117.1249914,32.76337900000001,0.050189,99.9,True
123,Camino del Rio West & Gaines Street,-117.2048407,32.75299260000001,0.050169,99.8,True
124,43rd Street & Orange Avenue,-117.10193580000002,32.753193700000004,0.050145,99.8,True
125,Brighton Avenue & Sunset Cliffs Boulevard,-117.2447209,32.748099700000004,0.049857,99.8,True
126,Rancho Bernardo Road & West Bernardo Drive,-117.0822222,33.0237784,0.049795,99.8,True
127,Bolivar Street & Reo Drive,-117.06765239999999,32.678821699999986,0.049631,99.8,True
128,Friars Road & Northside Drive,-117.1279907,32.78411810000001,0.049482,99.8,True
129,8th Avenue & G Street,-117.15741700000001,32.7125866,0.049418,99.8,True
130,Ocean View Boulevard & South 38th Street,-117.112524,32.70127850000002,0.049116,99.8,True
131,Clairemont Mesa Boulevard & Diane Avenue,-117.18708190000001,32.83440120000003,0.048987,99.8,True
132,College Avenue & Montezuma Road,-117.0698069,32.77066460000001,0.048762,99.8,True
133,Saratoga Avenue & Sunset Cliffs Boulevard,-117.24615910000001,32.746427399999995,0.048674,99.8,True
134,5th Avenue & Elm Street,-117.16023299999999,32.724059900000015,0.048523,99.8,True
135,Sunset Cliffs Boulevard,-117.24194170000001,32.7513086,0.048511,99.8,True
136,Groveland Drive & Naranja Street,-117.079018,32.707713999999974,0.048475,99.8,True
137,Carmel Mountain Road & Rancho Carmel Drive,-117.0820695,32.979018500000016,0.048386,99.8,True
138,Palm Avenue & Twining Avenue,-117.04540409999998,32.5836904,0.048185,99.8,True
139,Mission Boulevard & Santa Clara Place,-117.25249765000333,32.78257500000927,0.048157,99.8,True
140,Columbia Street & West Broadway,-117.16738500000001,32.71563580000002,0.048,99.8,True
141,Carmel Valley Road & Rancho Santa Fe Farms Road,-117.17841030000001,32.968179,0.047973,99.8,True
142,La Jolla Village Drive & Towne Centre Drive,-117.2073625,32.874132399999986,0.047934,99.8,True
143,Collwood Boulevard & El Cajon Boulevard,-117.0793535,32.75788550000001,0.047861,99.8,True
144,La Jolla Village Drive & Villa La Jolla Drive,-117.23390140000001,32.87177869999999,0.047778,99.8,True
145,Mira Mesa Boulevard & Viper Way,-117.17422940000002,32.907142299999975,0.047514,99.8,True
146,43rd Street & University Avenue,-117.10201669999998,32.74963050000001,0.047449,99.8,True
147,Boulevard Place & El Cajon Boulevard,-116.97770830000002,32.784683599999994,0.047291,99.8,True
148,Laning Road & Rosecrans Street,-117.22268835000821,32.73218295000249,0.047291,99.8,True
149,East Market Street & West Market Street,-117.16378059999998,32.711523000000014,0.047291,99.8,True
150,Lamont Street & Reed Avenue,-117.234154,32.797152999999994,0.047219,99.8,True
151,52nd Street & University Avenue,-117.08360235000042,32.74909944999999,0.04713,99.8,True
152,Deep Dell Road & Paradise Valley Road,-117.029343,32.69541499999999,0.046911,99.8,True
153,Dana Landing Road & West Mission Bay Drive,-117.237911,32.7655488,0.046877,99.8,True
154,Mission Bay Drive & North Mission Bay Drive,-117.21144099999353,32.79803285000277,0.046877,99.8,True
155,Clairemont Mesa Boulevard & Ruffin Road,-117.1267381,32.83133730000001,0.046782,99.8,True
156,Norstad Avenue & Palm Avenue,-117.05405310000002,32.5838937,0.046665,99.8,True
157,Bond Street & Garnet Avenue,-117.22106200000002,32.80564,0.046609,99.8,True
158,Sports Arena Boulevard & West Point Loma Boulevard,-117.2194986,32.75481400000001,0.046538,99.8,True
159,Del Mar Avenue,-117.23911550000001,32.73150679999997,0.046446,99.8,True
160,Fairmount Avenue & Olive Street,-117.100991,32.7351721,0.046438,99.8,True
161,East Mission Bay Drive & Pacific Highway,-117.2087762,32.7672375,0.046338,99.8,True
162,Park Boulevard,-117.1583503,32.704553400000016,0.046276,99.8,True
163,North Harbor Drive & Scott Street,-117.22678299999998,32.7256862,0.046273,99.8,True
164,6th Avenue & Island Avenue,-117.1592221,32.7104362,0.046248,99.8,True
165,Mission Boulevard & Reed Avenue,-117.2543217,32.79276049999999,0.046139,99.8,True
166,65th Street & Imperial Avenue,-117.0580763,32.71059110000001,0.046134,99.8,True
167,Main Street & South 28th Street,-117.13378310000002,32.69280230000001,0.046133,99.8,True
168,Rolando Boulevard & University Avenue,-117.05830750000001,32.75475430000002,0.046132,99.8,True
169,Carmel Creek Road & Carmel Mountain Road,-117.2283226,32.92225989999998,0.046125,99.8,True
170,10th Avenue & F Street,-117.15559230000001,32.71363829999999,0.046067,99.8,True
171,50th Street & Imperial Avenue,-117.08675850000002,32.70402270000002,0.046064,99.8,True
172,East Harbor Drive & Vesta Street,-117.1193263,32.681451200000005,0.04598,99.8,True
173,55th Street & Amanda Street,-117.0764337,32.706987400000024,0.045959,99.8,True
174,La Jolla Boulevard & Mission Boulevard,-117.258072,32.804981000000005,0.045874,99.8,True
175,Auburn Drive & Euclid Avenue,-117.09231280000002,32.748462700000005,0.045824,99.8,True
176,Camino del Rio North & Mission Center Road,-117.15328240000001,32.76689920000001,0.04577,99.8,True
177,Mission Bay Drive,-117.21531742500795,32.80191797501492,0.045761,99.8,True
178,Ingraham Street & Perez Cove Way,-117.2335904,32.7678359,0.045725,99.8,True
179,Skyline Drive & Skyline Terrace,-117.0367816,33.10990459999999,0.045623,99.8,True
180,2nd Avenue & East Market Street,-117.1628671,32.71142940000001,0.045592,99.8,True
181,Pershing Drive & Upas Street,-117.133728,32.7409373,0.045592,99.8,True
182,Boulder Lake Avenue & Navajo Road,-117.01774639999998,32.80334649999999,0.045454,99.8,True
183,Hensley Street & Imperial Avenue,-117.1345675,32.706375,0.045353,99.8,True
184,Camino del Rio West & Hancock Street,-117.2049104,32.75412809999999,0.045325,99.8,True
185,Waring Road & Zion Avenue,-117.08065939998646,32.792728650006126,0.045303,99.8,True
186,Euclid Avenue & Hilltop Drive,-117.0849724,32.71501580000001,0.045282,99.8,True
187,Kettner Boulevard & West Ash Street,-117.1691976,32.7198482,0.045242,99.8,True
188,Fairmount Avenue & Glenfield Street,-117.100981933345,32.73845096667704,0.045228,99.8,True
189,Balboa Avenue & Grand Avenue,-117.23417380000001,32.799192199999986,0.045187,99.8,True
190,Balboa Avenue & Genesee Avenue,-117.1817993,32.81930530000002,0.045187,99.8,True
191,Mission Avenue & Park Boulevard,-117.14624800000001,32.75721699999999,0.045177,99.8,True
192,La Jolla Village Drive & North Torrey Pines Road,-117.24234280000002,32.8701462,0.04514,99.8,True
193,California Street & Pacific Highway,-117.17099999999999,32.71356619999999,0.045113,99.8,True
194,Dawes Street & Grand Avenue,-117.24943870000001,32.795915799999975,0.045101,99.8,True
195,Liberator Way & North Harbor Drive,-117.187932,32.728936099999984,0.045039,99.8,True
196,46th Street & University Avenue,-117.09551644999932,32.749586000000015,0.045037,99.8,True
197,Commercial Street & South 28th Street,-117.13388150000002,32.7052954,0.045008,99.8,True
198,13th Street & F Street,-117.15285609999998,32.713657100000006,0.045003,99.8,True
199,Intersection 2cd2fdc8,-117.2320638,32.76148669999999,0.044998,99.8,True
200,Black Mountain Road & Hillery Drive,-117.12441249999999,32.91289340000001,0.044897,99.8,True
201,La Media Road & Otay Mesa Road,-116.9623432,32.567854600000004,0.044878,99.8,False
202,Clairemont Mesa Boulevard & Genesee Avenue,-117.1948562,32.834565300000015,0.044831,99.8,False
203,Balboa Avenue & Mount Everest Boulevard,-117.1854547,32.8181005,0.044773,99.7,False
204,16th Street & Imperial Avenue,-117.1494335,32.706267999999994,0.044767,99.7,False
205,Imperial Avenue & South Euclid Avenue,-117.08494450000002,32.70449990000001,0.044736,99.7,False
206,Friars Road & Riverdale Street,-117.09960439999999,32.7906092,0.044689,99.7,False
207,Nimitz Boulevard & North Harbor Drive,-117.22139870000001,32.7256178,0.044543,99.7,False
208,North Harbor Drive,-117.17694110000001,32.72769459999998,0.044542,99.7,False
209,Mission Gorge Road & Old Cliffs Road,-117.09183700000001,32.79979130000001,0.044487,99.7,False
210,Esplendente Boulevard & Tierrasanta Boulevard,-117.1010179,32.8231822,0.044441,99.7,False
211,Kearny Villa Road,-117.1396944,32.83097099999999,0.044426,99.7,False
212,State Street & West Laurel Street,-117.16947710000001,32.730818,0.04438,99.7,False
213,Margerum Avenue & Mission Gorge Road,-117.06791430000001,32.80951360000001,0.044313,99.7,False
214,5th Avenue & Laurel Street,-117.16029400000001,32.7313886,0.04424,99.7,False
215,Del Sol Boulevard & Kostner Drive,-117.04354966249657,32.57359606251985,0.044217,99.7,False
216,Adair Street & Santa Barbara Street,-117.24817110000001,32.7317315,0.044202,99.7,False
217,Mira Mesa Boulevard & Pacific Heights Boulevard,-117.18938780000002,32.899942,0.044189,99.7,False
218,Juan Street & Taylor Street,-117.1986141,32.75678709999999,0.044174,99.7,False
219,Innovation Parkway & Mission Village Drive,-117.12014199999999,32.7863779,0.044119,99.7,False
220,Elm Avenue & Saturn Boulevard,-117.09269150000002,32.58065969999999,0.04409,99.7,False
221,North Harbor Drive & West Harbor Drive,-117.17113080000001,32.711484,0.044036,99.7,False
222,Pacific Highway,-117.1805691,32.73827980000001,0.043994,99.7,False
223,Coronado Avenue,-117.0848556,32.57648610000002,0.043954,99.7,False
224,Cactus Road & Otay Mesa Road,-116.98829100000002,32.56820180000001,0.043914,99.7,False
225,Euclid Avenue & Orange Avenue,-117.09225620000001,32.753112099999996,0.04378,99.7,False
226,Grand Avenue & Morrell Street,-117.2329228,32.79944469999999,0.043757,99.7,False
227,Coronado Avenue,-117.1009574,32.57650399999999,0.043736,99.7,False
228,University Avenue & Winona Avenue,-117.08800639999998,32.7495043,0.043721,99.7,False
229,Florida Street & University Avenue,-117.14372300000001,32.748435999999984,0.043673,99.7,False
230,Roll Drive & Siempre Viva Road,-116.9376321,32.55651840000001,0.043608,99.7,False
231,19th Street & East Market Street,-117.14671299999999,32.711535999999995,0.043554,99.7,False
232,Fairmount Avenue & Landis Street,-117.10093320000001,32.74587770000001,0.043495,99.7,False
233,Mission Bay Drive & Rosewood Street,-117.21363170000001,32.800606800000025,0.043381,99.7,False
234,Robinson Avenue & West Robinson Avenue,-117.16389269999999,32.74693109999998,0.043353,99.7,False
235,Cowles Mountain Boulevard & Navajo Road,-117.02538640000002,32.80324830000001,0.043348,99.7,False
236,Santo Road & Tierrasanta Boulevard,-117.1041674,32.82341480000001,0.043304,99.7,False
237,Luigi Terrace,-117.2072392,32.85927060000002,0.043292,99.7,False
238,Ingraham Street & Riviera Drive,-117.23627760000001,32.77988879999999,0.043281,99.7,False
239,Howard Avenue & Texas Street,-117.13881699999999,32.75404249999998,0.043266,99.7,False
240,College Avenue & Cresita Drive,-117.068657,32.76871899999998,0.04325,99.7,False
241,4th Avenue & J Street,-117.16104340000001,32.709398699999994,0.043232,99.7,False
242,Linda Vista Road & Morena Boulevard,-117.19784280000002,32.76448069999999,0.043222,99.7,False
243,Morena Boulevard & West Morena Boulevard,-117.2067528,32.77500110000002,0.043214,99.7,False
244,Convoy Street & Kearny Mesa Road,-117.1526105,32.8135228,0.043213,99.7,False
245,33rd Street & Imperial Avenue,-117.122551,32.70673000000001,0.043175,99.7,False
246,Kurtz Street & Pacific Highway,-117.19988720000002,32.74990869999999,0.043149,99.7,False
247,67th Street & El Cajon Boulevard,-117.05367540000002,32.768589999999996,0.043117,99.7,False
248,6th Avenue & F Street,-117.15925320000001,32.71362919999999,0.042972,99.7,False
249,North Evergreen Street & Rosecrans Street,-117.2093574,32.747167100000006,0.042957,99.7,False
250,15th Street & Imperial Avenue,-117.1503596,32.706287600000024,0.042942,99.7,False
251,Avenida Venusto & Bernardo Heights Parkway,-117.0757334,33.00761020000002,0.042917,99.7,False
252,Friars Road & Mission Gorge Road,-117.0980756,32.79141680000001,0.04287,99.7,False
253,Ocean View Avenue & Ocean View Court,-117.29190800000002,33.05321499999999,0.042867,99.7,False
254,Black Mountain Road & Mira Mesa Boulevard,-117.12473870000001,32.917244100000005,0.042866,99.7,False
255,13th Street & G Street,-117.152842,32.712612499999985,0.042847,99.7,False
256,Miramar Road & Nobel Drive,-117.1910478,32.87634739999998,0.042688,99.7,False
257,Appleton Street & Genesee Avenue,-117.19601810000002,32.8376872,0.042685,99.7,False
258,Marlborough Avenue & Orange Avenue,-117.10616400000002,32.753223000000006,0.04257,99.7,False
259,41st Street & University Avenue,-117.1069471,32.7496638,0.04252,99.7,False
260,Goshen Street & Linda Vista Road,-117.1882159,32.7703034,0.042509,99.7,False
261,42nd Street & University Avenue,-117.1044769,32.74964490000001,0.042459,99.7,False
262,39th Street & University Avenue,-117.11064889999999,32.74969950000003,0.042453,99.7,False
263,16th Street & Broadway,-117.149483,32.715755,0.042403,99.7,False
264,Clairemont Drive & Clairemont Mesa Boulevard,-117.2061303,32.8276307,0.042375,99.7,False
265,30th Street & East Market Street,-117.130227,32.71165029999999,0.042274,99.7,False
266,Ingraham Street & Pacific Beach Drive,-117.23909800000001,32.793957000000006,0.042274,99.7,False
267,71st Street & El Cajon Boulevard,-117.0448696,32.7687992,0.042198,99.7,False
268,Union Street & West Beech Street,-117.16561429999999,32.72090959999999,0.042173,99.7,False
269,Calle Cristobal & Camino Ruiz,-117.1447987,32.9319572,0.042144,99.7,False
270,Mission Gorge Road,-117.0977584,32.7908771,0.042142,99.7,False
271,Lake Murray Boulevard & Navajo Road,-117.01027570000001,32.80292709999999,0.042082,99.7,False
272,Genesee Avenue & Governor Drive,-117.2046629,32.854543500000005,0.042053,99.7,False
273,17th Street & East Market Street,-117.1485616,32.7115377,0.042022,99.7,False
274,Chicano Park Boulevard & East Harbor Drive,-117.1473605,32.698326500000015,0.041991,99.7,False
275,El Cajon Boulevard & Menlo Avenue,-117.09437770000001,32.755769300000004,0.041985,99.7,False
276,Fairmount Avenue & Maple Street,-117.1010152,32.733340899999995,0.041973,99.7,False
277,Euclid Avenue & University Avenue,-117.092299,32.749541,0.041968,99.7,False
278,Moore Street & Riley Street,-117.20442920000002,32.75502520000003,0.041865,99.7,False
279,Ardath Road & Hidden Valley Road,-117.2519411,32.849595099999995,0.041851,99.7,False
280,5th Avenue & B Street,-117.1601971,32.71781200000001,0.041815,99.7,False
281,Main Street & Una Street,-117.117027,32.68665700000002,0.041774,99.7,False
282,Mission Boulevard & San Rafael Place,-117.25350660000234,32.78715170000714,0.0417,99.7,False
283,G Street & Park Boulevard,-117.153846,32.712606900000004,0.041641,99.7,False
284,5th Avenue & G Street,-117.16015650000001,32.7125721,0.041634,99.6,False
285,Del Mar Heights Road & Paseo Place,-117.2366145,32.95288480000001,0.041617,99.6,False
286,Garnet Avenue & Mission Boulevard,-117.2554939,32.79656529999998,0.041614,99.6,False
287,Camino del Rio North & Mission City Parkway,-117.12568130000001,32.776812999999976,0.041597,99.6,False
288,Fairmount Avenue & Wightman Street,-117.10091940000001,32.74789830000002,0.04157,99.6,False
289,7th Avenue & C Street,-117.1583424,32.716802000000015,0.041516,99.6,False
290,Bayside Lane & West Mission Bay Drive,-117.24997609999998,32.7721073,0.04149,99.6,False
291,Gleason Road & West Mission Bay Drive,-117.24688099999999,32.7712336,0.041478,99.6,False
292,Garnet Avenue & Soledad Mountain Road,-117.2238983,32.804992799999994,0.041423,99.6,False
293,Del Mar Heights Road & El Camino Real,-117.2341649,32.953844299999986,0.041418,99.6,False
294,6th Avenue & Broadway,-117.15927290000002,32.71571089999999,0.041417,99.6,False
295,9th Avenue & East Market Street,-117.156496,32.711509500000005,0.041393,99.6,False
296,J Street & Park Boulevard,-117.153807,32.70943079999999,0.041384,99.6,False
297,National Avenue & South 30th Street,-117.12948290000001,32.695962400000006,0.041378,99.6,False
298,Front Street & West B Street,-117.16473490000001,32.71777070000001,0.04137,99.6,False
299,India Street & Vine Street,-117.178238,32.73984100000001,0.041367,99.6,False
300,47th Street & East Market Street,-117.0935738,32.71141540000001,0.041349,99.6,False
301,Ocean View Boulevard & South 39th Street,-117.11037889999999,32.7012893,0.041343,99.6,False
302,Collwood Boulevard & Montezuma Road,-117.0860812,32.770110800000005,0.041216,99.6,False
303,Dwight Street & Fairmount Avenue,-117.10096619999999,32.7440235,0.041169,99.6,False
304,Bernardo Center Drive & Camino del Norte,-117.0924769,33.00517839999999,0.041067,99.6,False
305,Kemper Street & Sports Arena Boulevard,-117.2137727,32.754132799999994,0.041052,99.6,False
306,47th Street & Castana Street,-117.093643,32.706650000000025,0.04098,99.6,False
307,East Harbor Drive & Park Boulevard,-117.1575614,32.70506860000001,0.040899,99.6,False
308,54th Street & El Cajon Boulevard,-117.07942719999998,32.757773699999994,0.040864,99.6,False
309,West Point Loma Boulevard,-117.22867850000002,32.75258269999999,0.040832,99.6,False
310,University Avenue & Villa Terrace,-117.13571899999998,32.74845499999999,0.040817,99.6,False
311,Chamoune Avenue & Orange Avenue,-117.0965473,32.75314800000002,0.040816,99.6,False
312,Sea World Drive & Sunset Cliffs Boulevard,-117.2309525,32.761097099999986,0.040791,99.6,False
313,56th Street & El Cajon Boulevard,-117.07493030000037,32.75848815,0.040754,99.6,False
314,Camino del Sur & Carmel Valley Road,-117.1462341,32.976007600000024,0.040753,99.6,False
315,Rail Court,-117.02867190000002,32.54425929999999,0.040698,99.6,False
316,Linda Vista Road & Napa Street,-117.19698189999998,32.7653024,0.04066,99.6,False
317,Ebers Street & Voltaire Street,-117.24142450000001,32.748845200000005,0.040646,99.6,False
318,East Market Street & North 11th Avenue,-117.1546811,32.7115268,0.040635,99.6,False
319,Catalina Boulevard & Santa Barbara Street,-117.2452358,32.72368630000001,0.040545,99.6,False
320,Convoy Street & Engineer Road,-117.15433480000002,32.82681050000001,0.040544,99.6,False
321,El Cajon Boulevard & Park Boulevard,-117.14638000000001,32.755332900000006,0.040497,99.6,False
322,30th Street & Adams Avenue,-117.1302184,32.76288999999999,0.040425,99.6,False
323,Linda Vista Road & Mesa College Drive,-117.1581399,32.8007549,0.040359,99.6,False
324,Kearny Villa Road & Miramar Road,-117.11994250000001,32.89390290000001,0.040355,99.6,False
325,Altadena Avenue & Euclid Avenue,-117.0849828,32.7223138,0.040339,99.6,False
326,A Street,-117.1554631,32.71886650000002,0.040335,99.6,False
327,Chamoune Avenue & University Avenue,-117.09659254999467,32.749666525017346,0.040322,99.6,False
328,Camino del Rio South & Texas Street,-117.13928715000445,32.7673223500085,0.040322,99.6,False
329,Garnet Avenue & Olney Street,-117.229874,32.80221600000003,0.040317,99.6,False
330,Gold Coast Drive & Westonhill Drive,-117.13555930000001,32.905741600000006,0.040299,99.6,False
331,59th Street & El Cajon Boulevard,-117.0705061,32.759716700000006,0.040297,99.6,False
332,Black Mountain Road & Gemini Avenue,-117.1251275,32.9193224,0.040296,99.6,False
333,63rd Street & El Cajon Boulevard,-117.0630706,32.763615600000016,0.040291,99.6,False
334,Scripps Highland Drive & Scripps Poway Parkway,-117.10765490000001,32.936505600000004,0.040279,99.6,False
335,9th Avenue & Washington Street,-117.1563737,32.75016170000001,0.040267,99.6,False
336,Pomerado Road & Rancho Bernardo Road,-117.06100299999999,33.01865890000001,0.040178,99.6,False
337,Alvarado Canyon Road & Camino del Rio North,-117.1014678,32.7801664,0.040087,99.6,False
338,33rd Street & University Avenue,-117.1219831,32.74877190000002,0.039922,99.6,False
339,35th Street & University Avenue,-117.1180756,32.74975559999999,0.039919,99.6,False
340,Genesee Avenue & Marlesta Drive,-117.1752671,32.80495569999999,0.039892,99.6,False
341,Camino del Sur & Paseo del Sur,-117.1473119,33.013116600000004,0.039807,99.6,False
342,Euclid Avenue & Naranja Street,-117.0849841,32.7086497,0.039765,99.6,False
343,West Mission Bay Drive,-117.23069970000002,32.76163999999999,0.039698,99.6,False
344,Mississippi Street & University Avenue,-117.1411565,32.74844509999999,0.039624,99.6,False
345,Grand Avenue & Kendall Street,-117.23655240000001,32.798618600000005,0.039606,99.6,False
346,South 35th Street,-117.1187612,32.70177760000001,0.039576,99.6,False
347,Qualcomm Way,-117.1420769,32.77835319999999,0.039545,99.6,False
348,Jackson Drive & Navajo Road,-117.0460988,32.803936399999984,0.039493,99.6,False
349,51st Street & Geneva Avenue,-117.08438480000001,32.71680010000001,0.039482,99.6,False
350,Newport Drive & Townsite Drive,-117.2356992,33.2109022,0.039472,99.6,False
351,53rd Street & Imperial Avenue,-117.08075569999998,32.70661340000001,0.039417,99.6,False
352,6th Avenue & University Avenue,-117.1595896,32.74833710000001,0.03938,99.6,False
353,Ocean View Boulevard & South 33rd Street,-117.12259070000002,32.701215500000025,0.039366,99.6,False
354,Black Mountain Road & Gold Coast Drive,-117.1241799,32.905353599999984,0.039354,99.6,False
355,5th Avenue & F Street,-117.1601605,32.7136231,0.039249,99.6,False
356,Nobel Drive & Regents Road,-117.21914139999998,32.86749819999998,0.039186,99.6,False
357,Cardiff Street,-117.02586500000001,32.7182905,0.039181,99.6,False
358,Commerce Avenue & Miramar Road,-117.1683597,32.878227499999994,0.039159,99.6,False
359,25th Street,-117.1402189,32.70583470000001,0.03915,99.6,False
360,Columbia Street & West Grape Street,-117.16816870000001,32.725673799999996,0.039138,99.6,False
361,70th Street & El Cajon Boulevard,-117.04708439999978,32.76878670000001,0.039093,99.6,False
362,Sunset Cliffs Boulevard & West Point Loma Boulevard,-117.2422547,32.75095350000002,0.039072,99.6,False
363,Genesee Avenue & Richland Street,-117.1630698,32.791205399999974,0.039022,99.6,False
364,Black Mountain Road & Carroll Canyon Road,-117.12412149999999,32.90276589999999,0.039018,99.6,False
365,Flanders Drive & Mira Mesa Boulevard,-117.17708150000001,32.9064877,0.038974,99.5,False
366,Adams Avenue & Bonnie Court,-117.1100519,32.7632811,0.038974,99.5,False
367,Camino del Norte & Carmel Mountain Road,-117.07234380000001,32.99088819999999,0.038924,99.5,False
368,8th Avenue & B Street,-117.15744,32.717814999999966,0.038892,99.5,False
369,Camino Ruiz & Miralani Drive,-117.1363613,32.8967842,0.038866,99.5,False
370,Gramercy Drive & Mission Village Drive,-117.1289652,32.8018614,0.03881,99.5,False
371,Ebers Street & Niagara Avenue,-117.2466141,32.742835300000024,0.038787,99.5,False
372,4th Avenue & E Street,-117.1610708,32.7146421,0.038725,99.5,False
373,El Camino Real & Valley Centre Drive,-117.2381102,32.93597459999999,0.038712,99.5,False
374,Black Mountain Road & Westview Parkway,-117.12590510000001,32.93322150000001,0.038636,99.5,False
375,Bacon Street & Santa Monica Avenue,-117.2503544,32.747725200000005,0.038633,99.5,False
376,11th Avenue,-117.1547212,32.718485,0.038609,99.5,False
377,Mira Mesa Boulevard,-117.15230430000001,32.9118475,0.038602,99.5,False
378,Roll Drive & Via de la Amistad,-116.93750750000001,32.55293809999999,0.038591,99.5,False
379,El Camino Real,-117.23717880000001,32.9351395,0.038576,99.5,False
380,36th Street & Adams Avenue,-117.115189,32.763318800000015,0.03856,99.5,False
381,Palm Avenue & Saturn Boulevard,-117.09259679999998,32.58391600000001,0.038552,99.5,False
382,East San Ysidro Boulevard & West Olive Drive,-117.042999,32.552166299999996,0.038531,99.5,False
383,Mira Mesa Boulevard & Westonhill Drive,-117.13565990000001,32.912921,0.038502,99.5,False
384,Orange Avenue & Winona Avenue,-117.0879574,32.75307900000001,0.038475,99.5,False
385,30th Street & Polk Avenue,-117.13016850000001,32.752209,0.038462,99.5,False
386,Camino de la Plaza & Virginia Avenue,-117.0364243,32.543991600000005,0.03845,99.5,False
387,Fairmount Avenue & Polk Avenue,-117.10088850000001,32.7514331,0.038439,99.5,False
388,Balboa Avenue & Noyes Street,-117.23133180000002,32.800687999999994,0.038393,99.5,False
389,El Cajon Boulevard & Rolando Boulevard,-117.0573855,32.767044299999995,0.03838,99.5,False
390,Torrey Pines Road,-117.25508630000002,32.8504764,0.038326,99.5,False
391,5th Avenue & University Avenue,-117.16041540000002,32.748280900000005,0.03831,99.5,False
392,Euclid Avenue,-117.08499449999998,32.7137612,0.038217,99.5,False
393,Barnett Avenue & Lytton Street,-117.20963200000001,32.74253719999998,0.038192,99.5,False
394,Pacific Highway & Rosecrans Street,-117.20116170000001,32.755361900000004,0.038186,99.5,False
395,Andrews Street & West Washington Street,-117.1812124,32.74322320000002,0.038137,99.5,False
396,Cleveland Avenue & Washington Street,-117.14927919999998,32.7520714,0.038137,99.5,False
397,60th Street & Federal Boulevard,-117.06814170000001,32.72724190000003,0.038098,99.5,False
398,8th Avenue & A Street,-117.157448,32.71886259999998,0.038094,99.5,False
399,Rolling Dunes Way,-117.0964713,32.576702,0.038042,99.5,False
400,Scripps Poway Parkway & Springbrook Drive,-117.07298389999998,32.9345465,0.037995,99.5,False
401,Rosecrans Street & Sports Arena Boulevard,-117.204962,32.751466700000016,0.037994,99.5,False
402,50th Street & University Avenue,-117.08699920000001,32.7493046,0.037933,99.5,False
403,Fairmount Avenue,-117.10071800000001,32.77771169999998,0.037932,99.5,False
404,16th Street & J Street,-117.1494551,32.7094307,0.037904,99.5,False
405,Imperial Avenue & South 47th Street,-117.09372390000001,32.704080999999995,0.037889,99.5,False
406,Flower Avenue & Hollister Street,-117.0841038,32.57596319999999,0.037879,99.5,False
407,University Avenue & Vermont Street,-117.153458,32.748394700000006,0.037844,99.5,False
408,5th Avenue & J Street,-117.1601306,32.7093972,0.037834,99.5,False
409,Fairmount Avenue & San Diego Mission Road,-117.10151700000002,32.78502299999999,0.037815,99.5,False
410,49th Street,-117.08979050000002,32.721274,0.037768,99.5,False
411,Briarwood Road & Prairie Mound Way,-117.03672800000001,32.69128799999998,0.037703,99.5,False
412,University Avenue,-117.0941683,32.74956360000001,0.037633,99.5,False
413,Washington Street,-117.15604080000001,32.7502178,0.037627,99.5,False
414,11th Avenue & G Street,-117.154671,32.71260220000002,0.037591,99.5,False
415,La Jolla Village Drive & Regents Road,-117.2183962,32.87135150000002,0.037543,99.5,False
416,El Cajon Boulevard,-117.10837700000002,32.75525280000001,0.03753,99.5,False
417,Clairemont Mesa Boulevard & Limerick Avenue,-117.178741,32.834478299999994,0.037528,99.5,False
418,Donaldson Drive & Garnet Avenue,-117.2260705,32.80326299999999,0.03752,99.5,False
419,Clairemont Mesa Boulevard & Lakehurst Avenue,-117.20175370000001,32.8311544,0.037476,99.5,False
420,College Avenue & Lindo Paseo,-117.0698743,32.771637699999985,0.037357,99.5,False
421,Bayard Street & Grand Avenue,-117.25306870000001,32.794990799999994,0.03726,99.5,False
422,National Avenue & South 41st Street,-117.1060439,32.696083800000004,0.037245,99.5,False
423,Camino de la Reina & Camino del Este,-117.14415479999998,32.77083149999999,0.037233,99.5,False
424,Greenford Drive & Mira Mesa Boulevard,-117.1328538,32.9137555,0.037224,99.5,False
425,Hancock Street & Sports Arena Boulevard,-117.2171346,32.754663699999995,0.037187,99.5,False
426,43rd Street & East Market Street,-117.10225699999998,32.71146399999999,0.037114,99.5,False
427,Everts Street & Grand Avenue,-117.24757610000002,32.79619000000001,0.037085,99.5,False
428,University Avenue,-117.09960349999999,32.749655999999995,0.037048,99.5,False
429,Carmel Mountain Road & Paseo Montalban,-117.11786629999999,32.96235710000001,0.036953,99.5,False
430,Fairmount Avenue & Laurel Street,-117.1011608,32.731471400000004,0.036939,99.5,False
431,Executive Drive & Towne Centre Drive,-117.20759660000002,32.876798700000016,0.036858,99.5,False
432,Camino Santa Fe & Mira Mesa Boulevard,-117.1713553,32.9074766,0.036817,99.5,False
433,Mira Mesa Boulevard & Schilling Avenue,-117.16661040000001,32.90844129999999,0.036817,99.5,False
434,35th Street & Orange Avenue,-117.117993,32.753299999999975,0.036731,99.5,False
435,46th Street & El Cajon Boulevard,-117.09580999999999,32.75556899999999,0.03663,99.5,False
436,Hawaii Avenue & Palm Avenue,-117.06638440000002,32.583761599999995,0.036591,99.5,False
437,Rio San Diego Drive & River Run Drive,-117.1324622,32.777453699999974,0.036582,99.5,False
438,Clairemont Mesa Boulevard & Convoy Street,-117.15335320000001,32.83281749999999,0.036579,99.5,False
439,Friars Road & Santo Road,-117.10514090000551,32.790452600010745,0.036562,99.5,False
440,University Avenue & Uptown Center,-117.15529979999998,32.748484299999994,0.036542,99.5,False
441,Orcutt Avenue & Zion Avenue,-117.0960051,32.79297740000003,0.036542,99.5,False
442,National Avenue,-117.1340432,32.69592769999999,0.036537,99.5,False
443,54th Street & Redwood Street,-117.0796953,32.737703400000015,0.03652,99.5,False
444,Kettner Boulevard & Sassafras Street,-117.17674300000002,32.736877,0.036518,99.5,False
445,Duke Street & Midway Drive,-117.217911,32.75384510000001,0.03648,99.5,False
446,Camino del Sur & San Dieguito Road,-117.15656820000001,32.99737619999998,0.036473,99.4,False
447,Carmel Mountain Road & Peñasquitos Drive,-117.09034365000912,32.977548000002635,0.036422,99.4,False
448,Main Street,-117.0835895,32.59481770000002,0.036405,99.4,False
449,Burns Court & National Avenue,-117.10990340000001,32.696056,0.03639,99.4,False
450,Logan Avenue & San Pasqual Street,-117.1028664,32.69693510000001,0.036385,99.4,False
451,Menlo Avenue & Wightman Street,-117.0944642,32.74769460000002,0.036369,99.4,False
452,Dunaway Drive & Torrey Pines Road,-117.2432089,32.866293500000005,0.036356,99.4,False
453,Clairemont Mesa Boulevard & Kearny Villa Road,-117.1383473,32.83152780000001,0.036325,99.4,False
454,Monroe Avenue & Texas Street,-117.13884125000003,32.75911920000612,0.036292,99.4,False
455,Mission Center Court & Mission Center Road,-117.1541001,32.77355310000001,0.036285,99.4,False
456,Pacific Highway & West E Street,-117.17101940000002,32.71460840000002,0.03625,99.4,False
457,Jackson Drive & Lake Murray Boulevard,-117.01882189999999,32.79310100000001,0.036231,99.4,False
458,Chatsworth Boulevard & Elliott Street,-117.221929,32.743607299999994,0.036196,99.4,False
459,South 32nd Street,-117.1253776,32.691977300000005,0.036183,99.4,False
460,2nd Avenue & Broadway Circle,-117.1629022,32.71564220000001,0.03617,99.4,False
461,5th Avenue & East Harbor Drive,-117.160582,32.70696540000001,0.036151,99.4,False
462,Mount Abraham Avenue & Mount Alifan Drive,-117.176208,32.819667999999986,0.036132,99.4,False
463,Campus Point Drive & Genesee Avenue,-117.22020069999999,32.88199120000001,0.036123,99.4,False
464,Genesee Avenue & La Jolla Village Drive,-117.2142099,32.87244830000001,0.0361,99.4,False
465,1st Avenue & West Broadway,-117.16379000000002,32.71564029999999,0.036068,99.4,False
466,Kika Court & Mercy Road,-117.114777,32.9408561,0.03606,99.4,False
467,Avenida del Mexico & Saturn Boulevard,-117.09267830000002,32.58290120000001,0.036003,99.4,False
468,El Cajon Boulevard & Fairmount Avenue,-117.1008349,32.7551917,0.035981,99.4,False
469,North Harbor Drive & West Ash Street,-117.17305195000046,32.71986725,0.035981,99.4,False
470,37th Street & University Avenue,-117.11311300000001,32.749714000000004,0.035968,99.4,False
471,Mission Boulevard & Tourmaline Street,-117.25864800000001,32.806896900000005,0.035949,99.4,False
472,11th Avenue & A Street,-117.1547241,32.718863799999994,0.0359,99.4,False
473,India Street & West Broadway,-117.1683003,32.71576100000001,0.035876,99.4,False
474,Cass Street & Hornblend Street,-117.251549,32.79644399999999,0.03583,99.4,False
475,Highland Avenue & University Avenue,-117.09868794999842,32.74968395000086,0.035791,99.4,False
476,Genesee Avenue & North Torrey Pines Road,-117.2403499,32.89177390000001,0.035785,99.4,False
477,Rue d' Orleans & West Point Loma Boulevard,-117.22810990000002,32.752736600000006,0.035782,99.4,False
478,45th Street & Dwight Street,-117.09773009999999,32.7439949,0.035776,99.4,False
479,Castle Avenue & Euclid Avenue,-117.09234940000002,32.7456247,0.035772,99.4,False
480,Beyer Boulevard & Madden Avenue,-117.07115030000001,32.58248399999999,0.035771,99.4,False
481,Barnett Avenue,-117.1991236,32.74505010000001,0.035765,99.4,False
482,35th Street & Adams Avenue,-117.1173059,32.76332919999999,0.035756,99.4,False
483,Witherby Street,-117.1933158,32.74438539999999,0.035736,99.4,False
484,16th Street & Palm Avenue,-117.0995106,32.58392470000001,0.035699,99.4,False
485,Frazee Road & Friars Road,-117.1574634,32.77269890000003,0.035666,99.4,False
486,Clayton Drive & Miramar Road,-117.13100400000002,32.89379930000001,0.035658,99.4,False
487,17th Street & Imperial Avenue,-117.14853290000002,32.70626480000002,0.035632,99.4,False
488,5th Avenue & Robinson Avenue,-117.16042860000002,32.746957,0.035548,99.4,False
489,Rancho Carmel Drive & Shoal Creek Drive,-117.08549990000002,32.971610399999996,0.035523,99.4,False
490,Skyline Drive & South 61st Street,-117.0668458,32.701410599999996,0.035517,99.4,False
491,Mission Center Road,-117.15392269999998,32.774241800000006,0.035501,99.4,False
492,Lincoln Avenue & Washington Street,-117.1503987,32.7517578,0.035476,99.4,False
493,Washington Street & West Washington Street,-117.16160329999998,32.74984540000001,0.035441,99.4,False
494,54th Street & University Avenue,-117.0795335,32.7488812,0.035431,99.4,False
495,Marbury Avenue & Mira Mesa Boulevard,-117.1298351,32.91611819999999,0.035423,99.4,False
496,Historic Decatur Road & Womble Road,-117.21622930000001,32.7348545,0.035421,99.4,False
497,Division Street & Osborn Street,-117.10962360000002,32.6827254,0.035414,99.4,False
498,Armour Street & Ruffner Street,-117.1568314,32.82167799999999,0.035375,99.4,False
499,La Jolla Village Drive & Lebon Drive,-117.2235229,32.87077990000001,0.035366,99.4,False
500,13th Street & Island Avenue,-117.1528306,32.71047650000001,0.035337,99.4,False
