rank,intersection_name,longitude,latitude,risk_score,percentile,became_emergent
1,Fairmount Avenue & Myrtle Avenue,-117.100999,32.742159,0.199973,100.0,False
2,Balboa Avenue & Mount Everest Boulevard,-117.185455,32.8181,0.179729,100.0,False
3,51st Street & Orange Avenue,-117.08474,32.753053,0.177507,100.0,False
4,Fairmount Avenue,-117.100718,32.777712,0.172231,100.0,False
5,Mira Sorrento Place & Vista Sorrento Parkway,-117.20665,32.892344,0.165606,100.0,False
6,Beardsley Street & National Avenue,-117.146744,32.70182,0.164551,100.0,False
7,Princess View Drive & Waring Road,-117.076013,32.797337,0.162539,100.0,False
8,Eastgate Mall & Judicial Drive,-117.20565,32.879847,0.16117,100.0,False
9,South Euclid Avenue & Trinidad Way,-117.0851,32.700046,0.159864,100.0,False
10,Scripps Ranch Boulevard & Scripps Ranch Court,-117.109043,32.905277,0.159323,100.0,False
11,50th Street & Imperial Avenue,-117.086759,32.704023,0.157956,100.0,False
12,43rd Street & Myrtle Avenue,-117.102099,32.742166,0.156191,100.0,False
13,Clairemont Mesa Boulevard & Industrial Park Driveway,-117.145801,32.832736,0.155986,99.9,False
14,Balboa Avenue & Balboa Way,-117.183719,32.818631,0.155651,99.9,False
15,April Court & Genesee Avenue,-117.204111,32.850163,0.152192,99.9,False
16,Convoy Street & Opportunity Road,-117.15509,32.825419,0.151938,99.9,False
17,Clairemont Mesa Boulevard & Industrial Park Driveway,-117.145804,32.832866,0.150179,99.9,False
18,Imperial Avenue,-117.055785,32.710745,0.149647,99.9,False
19,Carmel Mountain Road & Conference Way,-117.075608,32.985641,0.149558,99.9,False
20,Antigua Boulevard & Santo Road,-117.101231,32.833719,0.148997,99.9,False
21,Temecula Street & West Point Loma Boulevard,-117.232484,32.752356,0.148898,99.9,False
22,31st Street & East Market Street,-117.127432,32.711671,0.146191,99.9,False
23,Clairemont Mesa Boulevard & Regents Road,-117.215767,32.831246,0.145794,99.9,False
24,National Avenue & South Evans Street,-117.141762,32.698368,0.145791,99.9,False
25,Clairemont Drive & Ute Drive,-117.200971,32.80932,0.145558,99.9,False
26,Carmel Mountain Road & Via Rimini,-117.099694,32.96644,0.145087,99.9,False
27,Cartagena Drive & University Avenue,-117.062157,32.753563,0.143983,99.9,False
28,Sunset Place & Taylor Street,-117.197974,32.757508,0.143944,99.9,False
29,Clairemont Drive & Clairemont Mesa Boulevard,-117.200849,32.832974,0.141225,99.9,False
30,Altadena Avenue & Orange Avenue,-117.08581,32.753062,0.141016,99.9,False
31,Beech Street & Home Avenue,-117.109718,32.720771,0.140936,99.9,True
32,Sorrento Valley Boulevard & Sorrento Valley Road,-117.223299,32.901228,0.13995,99.9,False
33,Scripps Ranch Boulevard & Scripps Ranch Row,-117.098945,32.899524,0.139627,99.9,True
34,Camino Ruiz & Jade Coast Road,-117.145084,32.903124,0.1394,99.9,False
35,52nd Street & Orange Avenue,-117.083665,32.753048,0.138834,99.9,False
36,Detroit Place & Duluth Avenue,-117.058853,32.701328,0.13882,99.9,False
37,National Avenue & South 26th Street,-117.1381,32.695908,0.138579,99.9,False
38,Kearny Villa Road & Tierra Grande Street,-117.12125,32.897215,0.137646,99.9,False
39,Fontaine Street & Princess View Drive,-117.078134,32.801765,0.136631,99.8,False
40,Mission Boulevard & San Juan Place,-117.252541,32.780377,0.135741,99.8,False
41,25th Street & K Street,-117.140227,32.708436,0.134122,99.8,False
42,Fairmount Avenue & Ridge View Drive,-117.09803,32.726479,0.133674,99.8,False
43,49th Street & Imperial Avenue,-117.089389,32.704087,0.133564,99.8,False
44,63rd Street & Imperial Avenue,-117.062366,32.709952,0.133557,99.8,False
45,50th Street & Orange Avenue,-117.086887,32.75307,0.133222,99.8,False
46,National Avenue & South 27th Street,-117.135966,32.695918,0.132316,99.8,False
47,33rd Street & East Market Street,-117.12314,32.711781,0.131795,99.8,False
48,Clairemont Mesa Boulevard & Industrial Park Driveway,-117.145928,32.832735,0.131552,99.8,False
49,27th Street & East Market Street,-117.136017,32.711624,0.13149,99.8,True
50,Clairemont Drive & Knapp Street,-117.196795,32.801317,0.131225,99.8,False
51,La Paz Drive & South Euclid Avenue,-117.085031,32.698103,0.130606,99.8,False
52,30th Street & Monroe Avenue,-117.130215,32.759159,0.130307,99.8,False
53,Rueda Drive & Tierrasanta Boulevard,-117.093832,32.817837,0.129771,99.8,False
54,Avenida la Valencia & Pomerado Road,-117.056321,33.011453,0.129544,99.8,False
55,Lusk Boulevard & Pacific Center Boulevard,-117.199478,32.901905,0.129114,99.8,False
56,Unnamed intersection,-117.226499,32.752817,0.129111,99.8,True
57,Commerce Avenue & Miramar Road,-117.16836,32.878227,0.12799,99.8,False
58,Carmel Mountain Road & Conference Way,-117.075613,32.985752,0.127722,99.8,False
59,Glacier Avenue & Mission Gorge Road,-117.097714,32.78876,0.127548,99.8,False
60,Rancho Peñasquitos Boulevard & Via del Sud,-117.108479,32.953427,0.127171,99.8,False
61,Rancho Mission Road & Ward Road,-117.110442,32.781742,0.126167,99.8,False
62,East Market Street & Gateway Center Way,-117.112187,32.711534,0.125733,99.8,False
63,45th Street & Home Avenue,-117.097388,32.730826,0.125323,99.8,False
64,College Grove Drive & College Grove Way,-117.058206,32.738158,0.124085,99.8,False
65,Genesee Avenue & Regents Road,-117.218103,32.880773,0.124028,99.7,False
66,College Avenue & View Place,-117.065964,32.755825,0.124006,99.7,False
67,Golfcrest Drive & Jackson Drive,-117.039918,32.801197,0.123844,99.7,False
68,La Cuenta Drive & Tierrasanta Boulevard,-117.0979,32.821266,0.123644,99.7,False
69,Eldridge Street & Waring Road,-117.070858,32.796431,0.123517,99.7,False
70,Genetic Center Drive & Mira Mesa Boulevard,-117.181049,32.905549,0.123354,99.7,False
71,Genesee Avenue & Radcliffe Lane,-117.203979,32.85228,0.121561,99.7,False
72,Polk Avenue & Texas Street,-117.138809,32.752186,0.12128,99.7,True
73,Commerce Avenue & Miramar Road,-117.168319,32.878062,0.121265,99.7,False
74,30th Street & Madison Avenue,-117.130221,32.761024,0.120883,99.7,False
75,Ingraham Street & La Cima Drive,-117.236633,32.782764,0.120789,99.7,False
76,Adams Avenue & Utah Street,-117.132696,32.762873,0.120502,99.7,False
77,Otay Pacific Drive & Siempre Viva Road,-116.974241,32.553289,0.12045,99.7,False
78,La Jolla Shores Drive & North Torrey Pines Road,-117.243601,32.875639,0.119869,99.7,False
79,Cargill Avenue & Nobel Drive,-117.216497,32.866421,0.119683,99.7,False
80,5th Avenue & Juniper Street,-117.160271,32.729299,0.119318,99.7,False
81,Park Boulevard & Zoo Place,-117.14587,32.735211,0.118796,99.7,False
82,Linda Vista Road & Stalmer Street,-117.154114,32.807709,0.118169,99.7,False
83,Balboa Avenue,-117.212193,32.807474,0.11785,99.7,False
84,Frankfort Street & Morena Boulevard,-117.206121,32.774683,0.117523,99.7,False
85,Customhouse Plaza & Siempre Viva Road,-116.945183,32.552981,0.117452,99.7,False
86,Dowdy Drive & Miramar Road,-117.145503,32.888298,0.117327,99.7,False
87,Unnamed intersection,-117.23272,32.761717,0.117178,99.7,True
88,East Harbor Drive & Sampson Street,-117.142485,32.694759,0.117176,99.7,True
89,Mission Gorge Road & Vandever Avenue,-117.097731,32.787689,0.116307,99.7,False
90,Lincoln Avenue & Normal Street,-117.148445,32.751056,0.115904,99.6,False
91,Unnamed intersection,-117.220285,32.882058,0.115175,99.6,True
92,Lusk Boulevard & Wateridge Vista Drive,-117.207649,32.900644,0.114485,99.6,False
93,Acena Drive & Rancho Bernardo Road,-117.070092,33.022694,0.114049,99.6,False
94,Benson Avenue & Woodman Street,-117.055268,32.705075,0.114039,99.6,False
95,Rancho Peñasquitos Boulevard,-117.107625,32.951107,0.113945,99.6,False
96,Golfcrest Drive & Jackson Drive,-117.039837,32.801316,0.113817,99.6,False
97,National Avenue & Sampson Street,-117.140091,32.697224,0.113744,99.6,False
98,Park Boulevard & Polk Avenue,-117.146277,32.752155,0.113688,99.6,False
99,Antigua Boulevard & Clairemont Mesa Boulevard,-117.109286,32.831349,0.113583,99.6,False
100,Division Street & Plaza Boulevard,-117.06306,32.693395,0.11342,99.6,False
101,Arnold Avenue & University Avenue,-117.136803,32.748455,0.113353,99.6,False
102,Blackfoot Avenue & Clairemont Drive,-117.196292,32.800798,0.11331,99.6,False
103,Friars Road & Rio Bonito Way,-117.136947,32.777767,0.113235,99.6,False
104,East Market Street & Uvas Street,-117.091609,32.710144,0.113143,99.6,False
105,16th Street & B Street,-117.149515,32.717857,0.113069,99.6,False
106,Robinson Avenue & Vermont Street,-117.153442,32.746403,0.11302,99.6,False
107,Judicial Drive & Nobel Drive,-117.197249,32.867428,0.113005,99.6,False
108,Aero Drive & Glen L Curtis Road,-117.144498,32.809609,0.112354,99.6,False
109,Smythe Avenue & West San Ysidro Boulevard,-117.049455,32.554421,0.112324,99.6,False
110,Bernardo Center Drive & Bernardo Plaza Drive,-117.074833,33.020295,0.11202,99.6,False
111,India Street & West Beech Street,-117.168303,32.720907,0.111982,99.6,False
112,Carmel Mountain Road & Stoney Creek Road,-117.103035,32.963642,0.11198,99.6,False
113,Unnamed intersection,-117.112546,32.704847,0.111488,99.6,True
114,Exploration Drive & North Torrey Pines Road,-117.243978,32.88108,0.111209,99.6,False
115,5th Avenue & Brookes Avenue,-117.160393,32.743328,0.110977,99.6,False
116,Ingraham Street & Perez Cove Way,-117.23359,32.767836,0.110809,99.5,False
117,Bernardo Center Drive & Bernardo Plaza Court,-117.07497,33.020325,0.110751,99.5,False
118,6th Avenue & Palm Street,-117.159418,32.735574,0.110742,99.5,False
119,Aero Drive & Corporate Court,-117.13177,32.809859,0.110539,99.5,False
120,68th Street & University Avenue,-117.049882,32.755101,0.110272,99.5,False
121,Calle Neil & Clairemont Drive,-117.195307,32.799781,0.109657,99.5,False
122,Ingraham Street & Yosemite Street,-117.236588,32.781273,0.109128,99.5,False
123,Unnamed intersection,-117.216492,32.866595,0.109117,99.5,True
124,Gilman Drive,-117.237889,32.871216,0.108792,99.5,False
125,Adams Avenue & West Mountain View Drive,-117.126579,32.763336,0.108418,99.5,False
126,Unnamed intersection,-117.134704,32.831319,0.108109,99.5,True
127,37th Street & El Cajon Boulevard,-117.113619,32.755288,0.108057,99.5,False
128,Bonillo Drive & University Avenue,-117.059959,32.7542,0.107964,99.5,True
129,Orcutt Avenue & Waring Road,-117.082655,32.790684,0.107901,99.5,False
130,Otay Mesa Road & Piper Ranch Road,-116.953725,32.56757,0.107775,99.5,False
131,Orchard Avenue & Sunset Cliffs Boulevard,-117.252691,32.738846,0.107502,99.5,False
132,Bryn Glen Way & Camino del Sur,-117.1462,32.970616,0.107406,99.5,False
133,Bayview Heights Drive & Bayview Heights Place,-117.077945,32.724051,0.107146,99.5,False
134,East Harbor Drive & Sigsbee Street,-117.150718,32.700588,0.107112,99.5,False
135,Camino Ruiz & Jade Coast Drive,-117.144197,32.901897,0.107107,99.5,False
136,Imperial Avenue & Woodman Street,-117.054871,32.710862,0.106961,99.5,False
137,Collwood Boulevard & Monroe Avenue,-117.080688,32.759914,0.106393,99.5,True
138,Aero Drive & West Canyon Avenue,-117.122401,32.808257,0.106318,99.5,False
139,Fairmount Avenue & Laurel Street,-117.101161,32.731471,0.106242,99.5,False
140,Mound Avenue & Princess View Drive,-117.075941,32.797269,0.106184,99.5,False
141,Adams Avenue & Arizona Street,-117.137619,32.762863,0.106042,99.5,False
142,Friars Road,-117.151688,32.774546,0.105889,99.4,False
143,Monroe Avenue & Texas Street,-117.138841,32.759119,0.105225,99.4,False
144,Friars Road & Northside Drive,-117.127865,32.784209,0.104648,99.4,False
145,Remora Street & Santo Road,-117.102915,32.830984,0.104616,99.4,False
146,Eastgate Mall,-117.20975,32.878766,0.104344,99.4,False
147,47th Street & F Street,-117.093606,32.713678,0.104293,99.4,False
148,Miramar Road & Miramar Way,-117.159718,32.879878,0.104198,99.4,False
149,East Jewett Street & Eastman Street,-117.171501,32.787628,0.10418,99.4,False
150,Balboa Avenue,-117.178188,32.820186,0.104031,99.4,False
151,4th Avenue & Upas Street,-117.161312,32.740809,0.103938,99.4,False
152,Froude Street & Voltaire Street,-117.239713,32.747762,0.103902,99.4,False
153,Rancho Peñasquitos Boulevard & Via del Sud,-117.108334,32.953459,0.10387,99.4,False
154,Miracrest Place & Miramar Road,-117.169392,32.878043,0.103708,99.4,False
155,Aldine Drive,-117.097292,32.76233,0.103651,99.4,False
156,Grape Street & West Grape Street,-117.163894,32.726135,0.10365,99.4,False
157,47th Street & Beech Street,-117.093559,32.720131,0.103422,99.4,False
158,Logan Avenue & Magenta Street,-117.09204,32.696798,0.103121,99.4,False
159,Black Mountain Road & Paseo Montalban,-117.126454,32.95953,0.103105,99.4,False
160,Avenida del Rio & Camino de la Reina,-117.16412,32.765855,0.103063,99.4,False
161,Friars Road & Napa Street,-117.195197,32.763445,0.103034,99.4,False
162,67th Street & El Cajon Boulevard,-117.053675,32.76859,0.102971,99.4,False
163,6th Avenue & Ivy Lane,-117.15951,32.742143,0.102933,99.4,False
164,Car Street & Jamacha Road,-117.027418,32.716945,0.102824,99.4,False
165,La Jolla Shores Drive & Shellback Way,-117.251597,32.87001,0.102716,99.4,False
166,Caminito Vistana & Carmel Valley Road,-117.156348,32.970748,0.102699,99.4,False
167,Park Row & Prospect Place,-117.268178,32.847664,0.10269,99.4,False
168,Evening Way & Gilman Drive,-117.238139,32.869203,0.102534,99.3,False
169,Estrella Avenue & University Avenue,-117.090134,32.749522,0.102528,99.3,False
170,Unnamed intersection,-117.143788,32.760964,0.102516,99.3,True
171,East San Ysidro Boulevard & Willow Road,-117.042377,32.552008,0.102291,99.3,False
172,University Avenue,-117.139905,32.748453,0.102249,99.3,False
173,Dominion Street & Logan Avenue,-117.1013,32.696849,0.102175,99.3,True
174,Ducos Place & Tierrasanta Boulevard,-117.096916,32.819937,0.102054,99.3,False
175,La Jolla Shores Drive & Paseo Dorado,-117.253868,32.852432,0.101964,99.3,False
176,Logan Avenue & Sigsbee Street,-117.147621,32.703785,0.101869,99.3,False
177,Fairmount Avenue,-117.099414,32.776059,0.101862,99.3,False
178,Carroll Canyon Road & Nancy Ridge Drive,-117.192339,32.891857,0.101778,99.3,False
179,Carmel Mountain Road,-117.078184,32.980458,0.101472,99.3,False
180,Beyer Boulevard & Del Sol Boulevard,-117.066504,32.574016,0.101407,99.3,False
181,33rd Street & Lincoln Avenue,-117.122566,32.750374,0.101331,99.3,False
182,Navajo Road & Park Ridge Boulevard,-117.050005,32.801752,0.101302,99.3,False
183,Fairmount Avenue,-117.096989,32.771054,0.101202,99.3,False
184,Alabama Street & El Cajon Boulevard,-117.142519,32.755191,0.101129,99.3,False
185,Flanders Drive & Parkdale Avenue,-117.154439,32.906747,0.10107,99.3,False
186,Camino Santa Fe & Construction Court,-117.167276,32.883577,0.100799,99.3,False
187,Friars Road & River Park Road,-117.125238,32.78555,0.100787,99.3,False
188,Ibis Street & Washington Place,-117.173227,32.749912,0.100668,99.3,False
189,National Avenue & South 32nd Street,-117.125337,32.69598,0.100593,99.3,False
190,Madison Avenue & Park Boulevard,-117.146275,32.760955,0.100453,99.3,False
191,Eta Street & North Highland Avenue,-117.10199,32.686691,0.100355,99.3,False
192,Carroll Canyon Road,-117.113076,32.903652,0.10025,99.3,False
193,Coronado Avenue & Sunset Cliffs Boulevard,-117.251243,32.740524,0.10023,99.2,False
194,North Torrey Pines Road & Science Park Road,-117.242596,32.901695,0.100216,99.2,False
195,Dunaway Drive & Torrey Pines Road,-117.243209,32.866294,0.100125,99.2,True
196,34th Street & El Cajon Boulevard,-117.12007,32.755194,0.100085,99.2,True
197,Federal Boulevard & Mallard Street,-117.06227,32.729615,0.099929,99.2,False
198,Friars Road,-117.117326,32.787607,0.099906,99.2,False
199,Friars Road,-117.118894,32.787059,0.099814,99.2,False
200,Crawford Street & Zion Avenue,-117.093842,32.792961,0.099766,99.2,False
201,Shiloh Road & University Avenue,-117.081524,32.749134,0.099569,99.2,False
202,Costa Verde Boulevard & La Jolla Village Drive,-117.216102,32.872053,0.099494,99.2,False
203,Caminito Bolsa & Carmel Mountain Road,-117.117334,32.960933,0.099151,99.2,False
204,Cardinal Road & Genesee Avenue,-117.157157,32.792207,0.099085,99.2,False
205,Galveston Street & Milton Street,-117.200972,32.784139,0.098923,99.2,False
206,Indiana Street & Park Boulevard,-117.14753,32.742249,0.098786,99.2,False
207,Mission Village Drive & Shawn Avenue,-117.124222,32.794708,0.098755,99.2,False
208,Nobel Drive & Villa La Jolla Drive,-117.233317,32.867631,0.098644,99.2,False
209,41st Street & East Market Street,-117.106554,32.7115,0.098491,99.2,False
210,University Avenue,-117.138354,32.748448,0.098403,99.2,False
211,Expedition Way & North Torrey Pines Road,-117.243461,32.871112,0.098309,99.2,False
212,Beryl Street & Jewell Street,-117.24099,32.806709,0.098304,99.2,False
213,43rd Street & East Market Street,-117.102257,32.711464,0.098209,99.2,False
214,Britannia Boulevard & Otay Mesa Road,-116.979813,32.567873,0.098124,99.2,False
215,Airway Road & Britannia Boulevard,-116.979864,32.560647,0.098114,99.2,False
216,Bernardo Center Drive & Rancho Bernardo Road,-117.074435,33.022804,0.098108,99.2,False
217,Mission Gorge Road,-117.097758,32.790877,0.098085,99.2,False
218,Van Dyke Avenue & Wightman Street,-117.103256,32.747768,0.098075,99.2,False
219,63rd Street & Brooklyn Avenue,-117.062583,32.713161,0.097978,99.1,False
220,Kettner Boulevard & West Juniper Street,-117.171132,32.728087,0.097909,99.1,False
221,Carmel Mountain Road & Gerana Street,-117.092676,32.973203,0.097851,99.1,False
222,Hibert Street & Mira Mesa Boulevard,-117.113054,32.916834,0.097754,99.1,False
223,Copley Park Place & Ruffner Street,-117.15925,32.835922,0.097463,99.1,True
224,Convoy Street & Raytheon Road,-117.153261,32.830866,0.097241,99.1,False
225,Clairemont Mesa Boulevard & Mercury Street,-117.148871,32.832703,0.097157,99.1,False
226,Euclid Avenue & Groveland Drive,-117.085103,32.707705,0.097098,99.1,False
227,Moore Street & Old Town Avenue,-117.19328,32.748157,0.096963,99.1,False
228,Paseo de Las Americas & Siempre Viva Road,-116.935997,32.556888,0.096839,99.1,False
229,Camino del Sur & Highlands Village Place,-117.152744,32.961759,0.096459,99.1,False
230,Paradise Valley Road & South Woodman Street,-117.046415,32.688976,0.096406,99.1,False
231,La Cuenta Drive & Tierrasanta Boulevard,-117.097759,32.821366,0.09631,99.1,False
232,Palm Avenue & Twining Avenue,-117.045404,32.58369,0.096246,99.1,False
233,Fairmount Avenue,-117.098888,32.775546,0.096003,99.1,False
234,Avenida de la Fuente South & Paseo de la Fuente,-116.949524,32.553211,0.095898,99.1,False
235,54th Street & Nutmeg Street,-117.079682,32.733906,0.095896,99.1,False
236,Clairemont Drive & Denver Street,-117.20332,32.790378,0.095869,99.1,False
237,Mercury Street,-117.148971,32.821184,0.09567,99.1,True
238,Clairemont Mesa Boulevard & Pocahontas Avenue,-117.208801,32.827635,0.095657,99.1,False
239,Flanders Drive & Sequence Drive,-117.177483,32.908131,0.095613,99.1,False
240,Balboa Avenue,-117.213479,32.807194,0.09553,99.1,True
241,National Avenue & South 40th Street,-117.10817,32.696068,0.095523,99.1,False
242,F Street & Front Street,-117.164718,32.713583,0.095423,99.1,False
243,Bernardo Center Drive & Bernardo Heights Parkway,-117.076663,33.01521,0.095356,99.1,False
244,Genesee Avenue & Regents Road,-117.218213,32.880826,0.095285,99.1,False
245,Azusa Street & Gaines Street,-117.195473,32.764118,0.095197,99.0,False
246,Friars Road,-117.135526,32.77841,0.095028,99.0,False
247,Sarnen Street & Siempre Viva Road,-116.953492,32.553126,0.094997,99.0,False
248,30th Street & Dwight Street,-117.130109,32.744242,0.094855,99.0,False
249,71st Street & El Cajon Boulevard,-117.04487,32.768799,0.09483,99.0,False
250,22nd Street & Island Avenue,-117.143998,32.710474,0.094823,99.0,False
251,Catalina Boulevard & Orchard Avenue,-117.242396,32.73249,0.094763,99.0,False
252,Gramercy Drive,-117.129815,32.802164,0.094648,99.0,False
253,4th Avenue & Fir Street,-117.161163,32.72511,0.09456,99.0,False
254,Carmel Mountain Road & Vista Sorrento Parkway,-117.230997,32.920658,0.094505,99.0,False
255,Main Street & South 30th Street,-117.129456,32.69282,0.094486,99.0,False
256,Ava Street & Division Street,-117.069443,32.693924,0.094413,99.0,False
257,Mc Cain Road & North Harbor Drive,-117.20888,32.728961,0.094248,99.0,False
258,Monroe Avenue & Park Boulevard,-117.146263,32.759094,0.094198,99.0,False
259,Cherokee Avenue & Wightman Street,-117.114357,32.747855,0.09384,99.0,False
260,Ibis Street & West University Avenue,-117.173215,32.748945,0.093835,99.0,False
261,Orleck Street & Santo Road,-117.104057,32.819554,0.093723,99.0,False
262,East Market Street & Gateway Center Way,-117.112186,32.711434,0.093538,99.0,True
263,Navajo Road,-117.036359,32.803805,0.093521,99.0,False
264,Bannock Avenue & Genesee Avenue,-117.194856,32.832909,0.093387,99.0,False
265,Navajo Road,-117.007656,32.802941,0.093336,99.0,False
266,Balboa Avenue,-117.202076,32.811814,0.093179,99.0,False
267,Genesee Avenue & Scripps Hospital Drive,-117.22241,32.884646,0.093148,99.0,False
268,East Market Street,-117.091073,32.7101,0.09302,99.0,False
269,Health Sciences Drive & Regents Road,-117.218428,32.878646,0.093012,99.0,False
270,65th Street & Imperial Avenue,-117.057978,32.710464,0.092968,98.9,False
271,Kamloop Avenue & Moraga Avenue,-117.213514,32.821953,0.092845,98.9,False
272,Balboa Avenue & Mount Rias Place,-117.173457,32.82022,0.092818,98.9,False
273,Camino del Sur & Torrey Meadows Drive,-117.151089,32.963208,0.092682,98.9,False
274,College Avenue & Rockhurst Drive,-117.062888,32.785432,0.092542,98.9,False
275,Columbia Street & West Beech Street,-117.167397,32.720907,0.092511,98.9,False
276,State Street & West Ash Street,-117.166506,32.719859,0.092509,98.9,False
277,Clairemont Drive & Rappahannock Avenue,-117.20091,32.805759,0.092423,98.9,False
278,Morena Boulevard & Napier Street,-117.207006,32.782327,0.092406,98.9,False
279,Illinois Street & University Avenue,-117.127676,32.748483,0.092405,98.9,False
280,Calle Mar de Mariposa & Vista Sorrento Parkway,-117.228026,32.913425,0.092394,98.9,False
281,James Street & Rosecrans Street,-117.21353,32.743061,0.092313,98.9,False
282,28th Street & Broadway,-117.133774,32.715839,0.092283,98.9,False
283,La Media Road & Otay Mesa Road,-116.962343,32.567855,0.092076,98.9,False
284,Avenida de Las Tiendas & Friars Road,-117.165396,32.76988,0.092008,98.9,False
285,Evening Creek Drive East & Evening Creek Drive North,-117.092,32.962028,0.091931,98.9,False
286,Madison Avenue & Oregon Street,-117.135139,32.760998,0.09189,98.9,False
287,Pescadero Avenue & Sunset Cliffs Boulevard,-117.253422,32.738003,0.091532,98.9,False
288,Convoy Street,-117.155137,32.822834,0.09151,98.9,False
289,Clairemont Mesa Boulevard & Longford Street,-117.182699,32.834367,0.091488,98.9,False
290,62nd Street & Akins Avenue,-117.063983,32.710188,0.09146,98.9,False
291,4th Avenue & Brookes Avenue,-117.161567,32.743322,0.091434,98.9,False
292,Euclid Avenue & Laurel Street,-117.089029,32.731434,0.091432,98.9,False
293,Unnamed intersection,-117.096841,32.765597,0.091195,98.9,True
294,Morena Boulevard & Napa Street,-117.198364,32.765723,0.091148,98.9,False
295,AleSmith Court & Miramar Road,-117.149061,32.886049,0.091084,98.9,False
296,Genesee Avenue & John Jay Hopkins Drive,-117.23917,32.890971,0.091014,98.8,False
297,Desty Street & Palm Avenue,-117.077207,32.583925,0.090998,98.8,False
298,Rancho Bernardo Road & West Bernardo Drive,-117.082041,33.023898,0.090958,98.8,False
299,Allied Road & Mission Gorge Road,-117.094294,32.79654,0.090893,98.8,False
300,21st Street & East Market Street,-117.144901,32.711544,0.090878,98.8,True
301,Colusa Street & Linda Vista Road,-117.191024,32.769059,0.090802,98.8,False
302,El Cajon Boulevard & Illinois Street,-117.1277,32.755257,0.090793,98.8,False
303,Scott Street & Shelter Island Drive,-117.229946,32.721967,0.090668,98.8,False
304,47th Street & A Street,-117.093567,32.71875,0.090595,98.8,False
305,Sorrento Valley Boulevard,-117.223731,32.900921,0.090543,98.8,False
306,Chicano Park Boulevard & Main Street,-117.146637,32.699051,0.090484,98.8,True
307,Palm Avenue & Saturn Boulevard,-117.092721,32.583919,0.090474,98.8,False
308,Eldridge Street & Waring Road,-117.070755,32.796519,0.090433,98.8,False
309,Mission Boulevard & Wilbur Avenue,-117.257767,32.804024,0.090408,98.8,True
310,Chesapeake Drive & Clairemont Mesa Boulevard,-117.122661,32.832377,0.090328,98.8,False
311,Mission Center Road,-117.153863,32.775141,0.090238,98.8,False
312,Jacaranda Drive & Jacaranda Place,-117.134764,32.738879,0.090205,98.8,False
313,26th Street & A Street,-117.138225,32.718959,0.089994,98.8,False
314,Airport Terminal Road,-117.180362,32.727804,0.089906,98.8,False
315,Alabama Street & El Cajon Boulevard,-117.142519,32.755338,0.089851,98.8,False
316,Chateau Drive & Genesee Avenue,-117.193201,32.828649,0.089748,98.8,False
317,Friars Road & Gaines Street,-117.185001,32.766259,0.089547,98.8,False
318,Galewood Street & Waring Road,-117.068524,32.794654,0.08953,98.8,False
319,Frazee Road & Friars Road,-117.157231,32.772665,0.089515,98.8,False
320,Beacon Drive & Britain Street,-117.035071,32.713867,0.089491,98.8,False
321,Meade Avenue & Oregon Street,-117.135136,32.757263,0.089477,98.8,False
322,43rd Street,-117.101231,32.7403,0.089439,98.7,False
323,Edmonton Avenue & Governor Drive,-117.201391,32.85449,0.089378,98.7,False
324,46th Street & Wightman Street,-117.095543,32.747705,0.089279,98.7,False
325,Camino Ruiz & Westmore Road,-117.144027,32.917833,0.089208,98.7,True
326,Renaissance Avenue & Towne Centre Drive,-117.207465,32.86694,0.089161,98.7,False
327,Columbia Street & West A Street,-117.167389,32.718816,0.089041,98.7,False
328,Mission Center Road & Mission Valley Road,-117.154723,32.777936,0.088998,98.7,False
329,26th Street & Imperial Avenue,-117.138118,32.706352,0.088802,98.7,False
330,Carmel Mountain Road & Via San Marco,-117.09678,32.968618,0.088782,98.7,False
331,Clairemont Drive & Fairfield Street,-117.196688,32.7923,0.088724,98.7,False
332,Carmel Mountain Road & Paseo Montalban,-117.117866,32.962357,0.088669,98.7,False
333,Clairemont Mesa Boulevard & Doliva Drive,-117.175599,32.834443,0.08861,98.7,False
334,Lynnhaven Lane & Navajo Road,-117.008398,32.802849,0.088532,98.7,True
335,La Jolla Village Drive & Towne Centre Drive,-117.207514,32.874114,0.08853,98.7,False
336,Main Street & Rigel Street,-117.122017,32.690109,0.088448,98.7,False
337,Sunset Lane & West San Ysidro Boulevard,-117.059713,32.558123,0.088375,98.7,True
338,Kearny Villa Road,-117.139694,32.830971,0.088338,98.7,False
339,Golden Haven Drive & Towne Centre Drive,-117.207,32.869988,0.088242,98.7,False
340,43rd Street & El Cajon Boulevard,-117.101892,32.755066,0.088151,98.7,False
341,Swift Avenue & Wightman Street,-117.119328,32.747895,0.088053,98.7,False
342,Alcala Knolls Drive & Linda Vista Road,-117.177558,32.772199,0.087945,98.7,False
343,West Mission Bay Drive,-117.234142,32.764275,0.08785,98.7,False
344,Remora Street & Santo Road,-117.102794,32.830938,0.087848,98.7,False
345,8th Avenue & Ash Street,-117.157463,32.719898,0.087809,98.7,False
346,Fashion Valley Road & Riverwalk Drive,-117.170455,32.765182,0.087809,98.7,False
347,Goshen Street & Linda Vista Road,-117.188216,32.770303,0.087772,98.6,False
348,Clairemont Mesa Boulevard & Santo Road,-117.103489,32.829246,0.087587,98.6,False
349,37th Street & Wightman Street,-117.113129,32.747845,0.087544,98.6,False
350,University Avenue & Uptown Center,-117.1553,32.748484,0.087365,98.6,False
351,Lebon Drive & Nobel Drive,-117.224763,32.868529,0.087348,98.6,False
352,Loma Riviera Drive & West Point Loma Boulevard,-117.223984,32.753582,0.087257,98.6,False
353,Irvington Avenue & Mission Village Drive,-117.125023,32.796135,0.087188,98.6,False
354,Palm Avenue & Saturn Boulevard,-117.092597,32.583916,0.087133,98.6,False
355,Clairemont Drive & Erie Street,-117.202211,32.790312,0.086968,98.6,False
356,Clairemont Drive & Hiawatha Way,-117.204097,32.820078,0.086916,98.6,False
357,30th Street & Howard Avenue,-117.130181,32.754092,0.08686,98.6,False
358,Burroughs Street & Ulric Street,-117.169386,32.784182,0.08684,98.6,False
359,Mira Mesa Boulevard & New Salem Street,-117.138509,32.912917,0.086801,98.6,False
360,Logan Avenue & South 32nd Street,-117.125341,32.697023,0.086798,98.6,False
361,Carmel Creek Road & Carmel Mountain Road,-117.228323,32.92226,0.086737,98.6,False
362,Mount Abbey Avenue & Mount Acadia Boulevard,-117.181194,32.810591,0.086505,98.6,False
363,5th Avenue & Upas Street,-117.16037,32.740812,0.086111,98.6,False
364,Atwater Street & Coronado Avenue,-117.099586,32.5765,0.086106,98.6,False
365,Cass Street & Turquoise Street,-117.255524,32.809425,0.086056,98.6,False
366,54th Street & El Cajon Boulevard,-117.079427,32.757774,0.086021,98.6,False
367,South Woodman Street & Woodman Street,-117.054881,32.703846,0.085982,98.6,False
368,West San Ysidro Boulevard,-117.059954,32.558336,0.085929,98.6,False
369,East Harbor Drive & Pier 24 Street,-117.140817,32.693608,0.08587,98.6,False
370,Carroll Road & Miramar Road,-117.156249,32.882103,0.085743,98.6,False
371,Airway Road & Enrico Fermi Drive,-116.927829,32.560085,0.085728,98.6,False
372,Palm Avenue,-117.097612,32.583931,0.08563,98.6,False
373,44th Street & Fairmount Avenue,-117.100626,32.72981,0.085624,98.5,False
374,Flanders Drive & Flanders Place,-117.155491,32.90694,0.085616,98.5,False
375,Madrone Avenue & Woodman Street,-117.054544,32.708859,0.085593,98.5,False
376,Scranton Road & Sorrento South Driveway,-117.201458,32.891433,0.085556,98.5,False
377,Donaldson Drive & Garnet Avenue,-117.226154,32.80333,0.085376,98.5,False
378,Highland Ranch Road & Ted Williams Parkway,-117.068136,32.973788,0.085358,98.5,False
379,East Market Street & Raven Street,-117.107627,32.711558,0.085346,98.5,False
380,Grand Avenue & Gresham Street,-117.243946,32.797128,0.085287,98.5,False
381,Harris Avenue & Palm Avenue,-117.08312,32.583887,0.085258,98.5,False
382,Berger Avenue & Mesa College Drive,-117.151768,32.802873,0.085246,98.5,True
383,Hibert Street & Mira Mesa Boulevard,-117.113086,32.916679,0.08517,98.5,False
384,Del Sol Boulevard & Dennery Road,-117.03595,32.573134,0.084997,98.5,False
385,Otay Mesa Road & Pacific Rim Court,-116.992579,32.568064,0.084897,98.5,False
386,Idaho Street & University Avenue,-117.13388,32.748509,0.084862,98.5,False
387,Holiday Court & Villa La Jolla Drive,-117.233791,32.870316,0.084829,98.5,False
388,Avenida Abeja & Bernardo Center Drive,-117.094758,33.005002,0.084828,98.5,False
389,Morena Boulevard,-117.213257,32.806241,0.084608,98.5,False
390,Balboa Avenue,-117.153598,32.821792,0.084593,98.5,False
391,North Harbor Drive,-117.181048,32.727673,0.084408,98.5,False
392,Balboa Avenue,-117.213055,32.807418,0.084361,98.5,False
393,Front Street & West Island Avenue,-117.164699,32.71043,0.084352,98.5,False
394,Hazard Center Drive & Mission Center Road,-117.154927,32.770772,0.08433,98.5,False
395,22nd Street & G Street,-117.143995,32.712673,0.084127,98.5,False
396,Skyline Drive & South Siena Street,-117.03692,32.702863,0.083984,98.5,False
397,Gramercy Drive & Mobley Street,-117.135122,32.802563,0.08397,98.5,False
398,Clayton Drive & Miramar Road,-117.131004,32.893799,0.083898,98.5,False
399,Heritage Road & Otay Mesa Road,-116.99688,32.56813,0.083808,98.4,False
400,Littlefield Street & Morena Boulevard,-117.207487,32.780416,0.083634,98.4,False
401,University Avenue,-117.072979,32.748591,0.08363,98.4,False
402,Park Boulevard & Pennsylvania Avenue,-117.147247,32.745384,0.083409,98.4,False
403,Paseo Montalban & Via Cima Bella,-117.121191,32.960984,0.083404,98.4,False
404,Cauby Street & Rosecrans Street,-117.207315,32.748515,0.08339,98.4,False
405,Genesee Avenue & Genesee East Court,-117.179352,32.814164,0.083343,98.4,False
406,University Avenue,-117.074704,32.747812,0.083315,98.4,True
407,25th Street & C Street,-117.140304,32.71685,0.083274,98.4,False
408,Grand Avenue & Morrell Street,-117.232923,32.799445,0.083273,98.4,False
409,Gilman Drive & Mandeville Lane,-117.238351,32.877001,0.083197,98.4,False
410,Kettner Boulevard & West Laurel Street,-117.171987,32.73005,0.083182,98.4,False
411,Bernardo Center Drive & Rancho Bernardo Road,-117.074443,33.02294,0.083164,98.4,False
412,30th Street & Fern Street,-117.129477,32.719003,0.083046,98.4,False
413,Unnamed intersection,-117.127322,32.695969,0.082995,98.4,True
414,Ingraham Street & Missouri Street,-117.24202,32.803509,0.082923,98.4,False
415,Friars Road & River Run Drive,-117.134261,32.779234,0.082873,98.4,False
416,Kettner Boulevard & West Fir Street,-117.169411,32.724155,0.082789,98.4,False
417,Niagara Avenue & Sunset Cliffs Boulevard,-117.248342,32.743902,0.082784,98.4,False
418,Trail Dust Avenue & Twin Trails Drive,-117.130157,32.958019,0.082647,98.4,False
419,Clairemont Mesa Boulevard & Ruffin Road,-117.126738,32.831337,0.082626,98.4,False
420,Eastbourne Road & Highland Ranch Road,-117.072403,32.981239,0.082599,98.4,False
421,Palm Avenue,-117.083374,32.583874,0.082576,98.4,False
422,Executive Drive & Miramar Street,-117.218273,32.875152,0.082482,98.4,False
423,Avenida la Valencia & Pomerado Road,-117.056467,33.01143,0.08248,98.4,False
424,Sunset Cliffs Boulevard,-117.23296,32.759663,0.082413,98.4,False
425,Esplendente Boulevard & Tierrasanta Boulevard,-117.101018,32.823182,0.082353,98.3,False
426,25th Street & E Street,-117.140284,32.714763,0.082322,98.3,False
427,Clairemont Mesa Boulevard & La Cuenta Drive,-117.095857,32.826922,0.082267,98.3,False
428,Unnamed intersection,-117.149132,32.699359,0.082226,98.3,True
429,Paseo Montalban & Salmon River Road,-117.122824,32.95986,0.082195,98.3,False
430,Lytton Street & Rosecrans Street,-117.212451,32.744212,0.082172,98.3,False
431,North Harbor Drive & Scott Street,-117.226783,32.725686,0.082166,98.3,False
432,51st Street & Zion Avenue,-117.083267,32.79287,0.082128,98.3,False
433,Park Boulevard & Upas Street,-117.147574,32.741157,0.082096,98.3,False
434,19th Street & Island Avenue,-117.146713,32.710457,0.082042,98.3,False
435,49th Street & University Avenue,-117.089076,32.749513,0.08204,98.3,False
436,Benjamin Holt Road & South Woodman Street,-117.048067,32.690948,0.082023,98.3,False
437,Nimitz Boulevard & West Point Loma Boulevard,-117.236006,32.751276,0.082003,98.3,False
438,State Street & West Cedar Street,-117.166504,32.721949,0.081871,98.3,True
439,California Street & Pacific Highway,-117.171,32.713566,0.081865,98.3,False
440,Rancho Carmel Drive & Sabre Springs Parkway,-117.090076,32.965329,0.081826,98.3,False
441,Mount Abraham Avenue & Mount Alifan Drive,-117.176208,32.819668,0.081819,98.3,False
442,Catalina Boulevard & Rosecroft Lane,-117.24811,32.712934,0.081811,98.3,True
443,West Park Avenue & West San Ysidro Boulevard,-117.04455,32.552346,0.081786,98.3,False
444,Chicano Park Boulevard & Harrison Avenue,-117.141136,32.704731,0.081781,98.3,False
445,70th Street,-117.047002,32.771206,0.081659,98.3,False
446,Navajo Road,-117.042592,32.80446,0.081644,98.3,False
447,Caminito Campana & Rancho Bernardo Road,-117.071456,33.022961,0.08161,98.3,False
448,31st Street & University Avenue,-117.127166,32.748449,0.081593,98.3,False
449,Convoy Court & Convoy Street,-117.152809,32.834488,0.081562,98.3,True
450,La Jolla Boulevard & Mission Boulevard,-117.258072,32.804981,0.081549,98.2,False
451,Point Loma Avenue & Sunset Cliffs Boulevard,-117.25488,32.736317,0.081423,98.2,False
452,33rd Street & Adams Avenue,-117.122864,32.763363,0.081406,98.2,True
453,Caminito Zar & Carroll Canyon Road,-117.122161,32.902953,0.081371,98.2,False
454,Governor Drive & Radcliffe Drive,-117.205981,32.854458,0.081331,98.2,False
455,Miro Circle & Scripps Ranch Boulevard,-117.107161,32.920155,0.08131,98.2,False
456,Arizona Street & University Avenue,-117.137895,32.748404,0.081238,98.2,False
457,54th Street,-117.079415,32.747395,0.081208,98.2,False
458,North Torrey Pines Road & Pangea Drive,-117.243975,32.883818,0.081198,98.2,False
459,Aquarius Drive & Santa Arminta Avenue,-117.144156,32.930574,0.081192,98.2,False
460,43rd Street & Wightman Street,-117.102041,32.747758,0.080899,98.2,False
461,National Avenue & Sigsbee Street,-117.148407,32.702976,0.080791,98.2,False
462,West Mission Bay Drive,-117.249296,32.772105,0.080749,98.2,False
463,Fairmount Avenue,-117.09681,32.769414,0.080687,98.2,False
464,El Cajon Boulevard & Montezuma Road,-117.054262,32.768305,0.080666,98.2,False
465,Greenhouse Lane & Pepper Canyon Drive,-117.229251,32.881284,0.080666,98.2,False
466,Mount Acadia Boulevard & Mount Alifan Drive,-117.1828,32.816532,0.080658,98.2,False
467,Chandler Drive & Mount Abernathy Avenue,-117.173088,32.826035,0.080602,98.2,True
468,Fashion Valley Road & River Park Drive,-117.17014,32.764127,0.08056,98.2,False
469,Balboa Avenue & Mercury Street,-117.148858,32.82175,0.080511,98.2,False
470,Morena Boulevard,-117.206696,32.784851,0.080477,98.2,False
471,Dana Landing Road & West Mission Bay Drive,-117.237911,32.765549,0.080451,98.2,False
472,Frazee Road & Friars Road,-117.157463,32.772699,0.080273,98.2,False
473,Capricorn Way & Teresa Drive,-117.144101,32.925034,0.080245,98.2,False
474,Convoy Street & Dagget Street,-117.15517,32.823592,0.080191,98.2,False
475,Ivanhoe Avenue & Torrey Pines Road,-117.270988,32.843807,0.080184,98.2,False
476,El Cajon Boulevard,-117.100448,32.755032,0.080179,98.1,False
477,Birchwood Street & Waring Road,-117.073118,32.797815,0.08016,98.1,False
478,30th Street & Thorn Street,-117.129321,32.739266,0.080153,98.1,False
479,Lebon Drive & Nobel Drive,-117.224895,32.868369,0.080133,98.1,False
480,Hollister Street & Ingrid Avenue,-117.084095,32.572815,0.080126,98.1,False
481,Frazee Road & Hazard Center Drive,-117.156272,32.770836,0.080084,98.1,True
482,Adams Avenue & Edgeware Road,-117.105307,32.763249,0.080031,98.1,False
483,University Avenue & Utah Street,-117.132828,32.748463,0.08002,98.1,False
484,Dennery Road & Ocean View Hills Parkway,-117.032407,32.583715,0.080003,98.1,False
485,La Jolla Village Drive & Regents Road,-117.218235,32.87143,0.079926,98.1,False
486,Dewey Street & National Avenue,-117.143435,32.699529,0.079904,98.1,False
487,Carmel Mountain Road & Conference Way,-117.07542,32.985761,0.079853,98.1,False
488,Rosecrans Street & Womble Road,-117.218868,32.736849,0.07983,98.1,False
489,College Avenue & Livingston Street,-117.05123,32.742529,0.079676,98.1,False
490,Convoy Court & Ruffner Street,-117.159264,32.834705,0.07965,98.1,False
491,4th Avenue & Pennsylvania Avenue,-117.161582,32.745134,0.079637,98.1,False
492,Calle Primera & Sycamore Road,-117.045181,32.550804,0.079626,98.1,False
493,Picador Boulevard & Smythe Avenue,-117.051163,32.566101,0.079615,98.1,True
494,Clairemont Drive & Mission Bay Drive,-117.209203,32.790305,0.079609,98.1,False
495,Cadden Drive & Moraga Avenue,-117.211578,32.810256,0.079576,98.1,False
496,Mount Acadia Boulevard & Mount Blanca Drive,-117.18187,32.813762,0.079533,98.1,False
497,State Street & West G Street,-117.16651,32.712544,0.079514,98.1,False
498,47th Street & Monroe Avenue,-117.092903,32.758923,0.079507,98.1,False
499,Ailsa Court & Otay Mesa Road,-116.971063,32.567781,0.07949,98.1,False
500,Black Mountain Road & Park Village Road,-117.129872,32.946868,0.079488,98.1,False
